country,country_code,year,median_spain_eur_equivalent,mean_spain_eur_equivalent,p10_spain_eur_equivalent,p90_spain_eur_equivalent,pct_above_spain_median,spain_median_reference_eur,ppp_eur_factor_lcu_per_eur,spain_ppp_eur_factor_lcu_per_eur,data_quality
Suiza,CH,2024,50963.4,53656.2,18281.3,82279.1,83.7,28158.1,1.435376,0.869603,1
Reino Unido,GB,2024,32865.0,41124.8,16897.0,62521.1,69.0,28158.1,1.004864,0.869603,1
Francia,FR,2024,35060.1,40239.7,18113.8,58045.2,68.7,28158.1,1.002631,0.869603,4
EEUU,US,2024,38453.1,54179.0,11155.5,90819.0,67.6,28158.1,1.468374,0.869603,5
España,ES,2024,28158.1,32911.0,10833.0,49804.0,50.0,28158.1,0.869603,0.869603,1
